<?xml version="1.0" encoding="UTF-8"?>

<!-- generated on Wed May  6 16:01:34 2015 by SUMO netconvert Version 0.21.0
<?xml version="1.0" encoding="UTF-8"?>

<configuration xmlns:xsi="http://www.w3.org/2001/XMLSchema-instance" xsi:noNamespaceSchemaLocation="http://sumo-sim.org/xsd/netconvertConfiguration.xsd">

    <input>
        <node-files value="second.nod.xml"/>
        <edge-files value="second.edg.xml"/>
    </input>

    <output>
        <output-file value="second.net.xml"/>
    </output>

</configuration>
-->

<net version="0.13" xmlns:xsi="http://www.w3.org/2001/XMLSchema-instance" xsi:noNamespaceSchemaLocation="http://sumo-sim.org/xsd/net_file.xsd">

    <location netOffset="0.00,0.00" convBoundary="0.00,0.00,100000.00,5.00" origBoundary="0.00,0.00,100000.00,5.00" projParameter="!"/>

    <edge id=":10a_0" function="internal">
        <lane id=":10a_0_0" index="0" speed="16.66" length="0.10" shape="45000.00,13.25 45000.00,13.25"/>
        <lane id=":10a_0_1" index="1" speed="25.00" length="0.10" shape="45000.00,9.95 45000.00,9.95"/>
        <lane id=":10a_0_2" index="2" speed="33.33" length="0.10" shape="45000.00,6.65 45000.00,6.65"/>
    </edge>
    <edge id=":10b_0" function="internal">
        <lane id=":10b_0_0" index="0" speed="16.66" length="0.10" shape="45000.00,-8.25 45000.00,-8.25"/>
        <lane id=":10b_0_1" index="1" speed="25.00" length="0.10" shape="45000.00,-4.95 45000.00,-4.95"/>
        <lane id=":10b_0_2" index="2" speed="33.33" length="0.10" shape="45000.00,-1.65 45000.00,-1.65"/>
    </edge>
    <edge id=":11a_0" function="internal">
        <lane id=":11a_0_0" index="0" speed="16.66" length="0.10" shape="50000.00,13.25 50000.00,13.25"/>
        <lane id=":11a_0_1" index="1" speed="25.00" length="0.10" shape="50000.00,9.95 50000.00,9.95"/>
        <lane id=":11a_0_2" index="2" speed="33.33" length="0.10" shape="50000.00,6.65 50000.00,6.65"/>
    </edge>
    <edge id=":11b_0" function="internal">
        <lane id=":11b_0_0" index="0" speed="16.66" length="0.10" shape="50000.00,-8.25 50000.00,-8.25"/>
        <lane id=":11b_0_1" index="1" speed="25.00" length="0.10" shape="50000.00,-4.95 50000.00,-4.95"/>
        <lane id=":11b_0_2" index="2" speed="33.33" length="0.10" shape="50000.00,-1.65 50000.00,-1.65"/>
    </edge>
    <edge id=":12a_0" function="internal">
        <lane id=":12a_0_0" index="0" speed="16.66" length="0.10" shape="55000.00,13.25 55000.00,13.25"/>
        <lane id=":12a_0_1" index="1" speed="25.00" length="0.10" shape="55000.00,9.95 55000.00,9.95"/>
        <lane id=":12a_0_2" index="2" speed="33.33" length="0.10" shape="55000.00,6.65 55000.00,6.65"/>
    </edge>
    <edge id=":12b_0" function="internal">
        <lane id=":12b_0_0" index="0" speed="16.66" length="0.10" shape="55000.00,-8.25 55000.00,-8.25"/>
        <lane id=":12b_0_1" index="1" speed="25.00" length="0.10" shape="55000.00,-4.95 55000.00,-4.95"/>
        <lane id=":12b_0_2" index="2" speed="33.33" length="0.10" shape="55000.00,-1.65 55000.00,-1.65"/>
    </edge>
    <edge id=":13a_0" function="internal">
        <lane id=":13a_0_0" index="0" speed="16.66" length="0.10" shape="60000.00,13.25 60000.00,13.25"/>
        <lane id=":13a_0_1" index="1" speed="25.00" length="0.10" shape="60000.00,9.95 60000.00,9.95"/>
        <lane id=":13a_0_2" index="2" speed="33.33" length="0.10" shape="60000.00,6.65 60000.00,6.65"/>
    </edge>
    <edge id=":13b_0" function="internal">
        <lane id=":13b_0_0" index="0" speed="16.66" length="0.10" shape="60000.00,-8.25 60000.00,-8.25"/>
        <lane id=":13b_0_1" index="1" speed="25.00" length="0.10" shape="60000.00,-4.95 60000.00,-4.95"/>
        <lane id=":13b_0_2" index="2" speed="33.33" length="0.10" shape="60000.00,-1.65 60000.00,-1.65"/>
    </edge>
    <edge id=":14a_0" function="internal">
        <lane id=":14a_0_0" index="0" speed="16.66" length="0.10" shape="65000.00,13.25 65000.00,13.25"/>
        <lane id=":14a_0_1" index="1" speed="25.00" length="0.10" shape="65000.00,9.95 65000.00,9.95"/>
        <lane id=":14a_0_2" index="2" speed="33.33" length="0.10" shape="65000.00,6.65 65000.00,6.65"/>
    </edge>
    <edge id=":14b_0" function="internal">
        <lane id=":14b_0_0" index="0" speed="16.66" length="0.10" shape="65000.00,-8.25 65000.00,-8.25"/>
        <lane id=":14b_0_1" index="1" speed="25.00" length="0.10" shape="65000.00,-4.95 65000.00,-4.95"/>
        <lane id=":14b_0_2" index="2" speed="33.33" length="0.10" shape="65000.00,-1.65 65000.00,-1.65"/>
    </edge>
    <edge id=":15a_0" function="internal">
        <lane id=":15a_0_0" index="0" speed="16.66" length="0.10" shape="70000.00,13.25 70000.00,13.25"/>
        <lane id=":15a_0_1" index="1" speed="25.00" length="0.10" shape="70000.00,9.95 70000.00,9.95"/>
        <lane id=":15a_0_2" index="2" speed="33.33" length="0.10" shape="70000.00,6.65 70000.00,6.65"/>
    </edge>
    <edge id=":15b_0" function="internal">
        <lane id=":15b_0_0" index="0" speed="16.66" length="0.10" shape="70000.00,-8.25 70000.00,-8.25"/>
        <lane id=":15b_0_1" index="1" speed="25.00" length="0.10" shape="70000.00,-4.95 70000.00,-4.95"/>
        <lane id=":15b_0_2" index="2" speed="33.33" length="0.10" shape="70000.00,-1.65 70000.00,-1.65"/>
    </edge>
    <edge id=":16a_0" function="internal">
        <lane id=":16a_0_0" index="0" speed="16.66" length="0.10" shape="75000.00,13.25 75000.00,13.25"/>
        <lane id=":16a_0_1" index="1" speed="25.00" length="0.10" shape="75000.00,9.95 75000.00,9.95"/>
        <lane id=":16a_0_2" index="2" speed="33.33" length="0.10" shape="75000.00,6.65 75000.00,6.65"/>
    </edge>
    <edge id=":16b_0" function="internal">
        <lane id=":16b_0_0" index="0" speed="16.66" length="0.10" shape="75000.00,-8.25 75000.00,-8.25"/>
        <lane id=":16b_0_1" index="1" speed="25.00" length="0.10" shape="75000.00,-4.95 75000.00,-4.95"/>
        <lane id=":16b_0_2" index="2" speed="33.33" length="0.10" shape="75000.00,-1.65 75000.00,-1.65"/>
    </edge>
    <edge id=":17a_0" function="internal">
        <lane id=":17a_0_0" index="0" speed="16.66" length="0.10" shape="80000.00,13.25 80000.00,13.25"/>
        <lane id=":17a_0_1" index="1" speed="25.00" length="0.10" shape="80000.00,9.95 80000.00,9.95"/>
        <lane id=":17a_0_2" index="2" speed="33.33" length="0.10" shape="80000.00,6.65 80000.00,6.65"/>
    </edge>
    <edge id=":17b_0" function="internal">
        <lane id=":17b_0_0" index="0" speed="16.66" length="0.10" shape="80000.00,-8.25 80000.00,-8.25"/>
        <lane id=":17b_0_1" index="1" speed="25.00" length="0.10" shape="80000.00,-4.95 80000.00,-4.95"/>
        <lane id=":17b_0_2" index="2" speed="33.33" length="0.10" shape="80000.00,-1.65 80000.00,-1.65"/>
    </edge>
    <edge id=":18a_0" function="internal">
        <lane id=":18a_0_0" index="0" speed="16.66" length="0.10" shape="85000.00,13.25 85000.00,13.25"/>
        <lane id=":18a_0_1" index="1" speed="25.00" length="0.10" shape="85000.00,9.95 85000.00,9.95"/>
        <lane id=":18a_0_2" index="2" speed="33.33" length="0.10" shape="85000.00,6.65 85000.00,6.65"/>
    </edge>
    <edge id=":18b_0" function="internal">
        <lane id=":18b_0_0" index="0" speed="16.66" length="0.10" shape="85000.00,-8.25 85000.00,-8.25"/>
        <lane id=":18b_0_1" index="1" speed="25.00" length="0.10" shape="85000.00,-4.95 85000.00,-4.95"/>
        <lane id=":18b_0_2" index="2" speed="33.33" length="0.10" shape="85000.00,-1.65 85000.00,-1.65"/>
    </edge>
    <edge id=":19a_0" function="internal">
        <lane id=":19a_0_0" index="0" speed="16.66" length="0.10" shape="90000.00,13.25 90000.00,13.25"/>
        <lane id=":19a_0_1" index="1" speed="25.00" length="0.10" shape="90000.00,9.95 90000.00,9.95"/>
        <lane id=":19a_0_2" index="2" speed="33.33" length="0.10" shape="90000.00,6.65 90000.00,6.65"/>
    </edge>
    <edge id=":19b_0" function="internal">
        <lane id=":19b_0_0" index="0" speed="16.66" length="0.10" shape="90000.00,-8.25 90000.00,-8.25"/>
        <lane id=":19b_0_1" index="1" speed="25.00" length="0.10" shape="90000.00,-4.95 90000.00,-4.95"/>
        <lane id=":19b_0_2" index="2" speed="33.33" length="0.10" shape="90000.00,-1.65 90000.00,-1.65"/>
    </edge>
    <edge id=":20a_0" function="internal">
        <lane id=":20a_0_0" index="0" speed="16.66" length="0.10" shape="95000.00,13.25 95000.00,13.25"/>
        <lane id=":20a_0_1" index="1" speed="25.00" length="0.10" shape="95000.00,9.95 95000.00,9.95"/>
        <lane id=":20a_0_2" index="2" speed="33.33" length="0.10" shape="95000.00,6.65 95000.00,6.65"/>
    </edge>
    <edge id=":20b_0" function="internal">
        <lane id=":20b_0_0" index="0" speed="16.66" length="0.10" shape="95000.00,-8.25 95000.00,-8.25"/>
        <lane id=":20b_0_1" index="1" speed="25.00" length="0.10" shape="95000.00,-4.95 95000.00,-4.95"/>
        <lane id=":20b_0_2" index="2" speed="33.33" length="0.10" shape="95000.00,-1.65 95000.00,-1.65"/>
    </edge>
    <edge id=":2a_0" function="internal">
        <lane id=":2a_0_0" index="0" speed="16.66" length="0.10" shape="5000.00,13.25 5000.00,13.25"/>
        <lane id=":2a_0_1" index="1" speed="25.00" length="0.10" shape="5000.00,9.95 5000.00,9.95"/>
        <lane id=":2a_0_2" index="2" speed="33.33" length="0.10" shape="5000.00,6.65 5000.00,6.65"/>
    </edge>
    <edge id=":2b_0" function="internal">
        <lane id=":2b_0_0" index="0" speed="16.66" length="0.10" shape="5000.00,-8.25 5000.00,-8.25"/>
        <lane id=":2b_0_1" index="1" speed="25.00" length="0.10" shape="5000.00,-4.95 5000.00,-4.95"/>
        <lane id=":2b_0_2" index="2" speed="33.33" length="0.10" shape="5000.00,-1.65 5000.00,-1.65"/>
    </edge>
    <edge id=":3a_0" function="internal">
        <lane id=":3a_0_0" index="0" speed="16.66" length="0.10" shape="10000.00,13.25 10000.00,13.25"/>
        <lane id=":3a_0_1" index="1" speed="25.00" length="0.10" shape="10000.00,9.95 10000.00,9.95"/>
        <lane id=":3a_0_2" index="2" speed="33.33" length="0.10" shape="10000.00,6.65 10000.00,6.65"/>
    </edge>
    <edge id=":3b_0" function="internal">
        <lane id=":3b_0_0" index="0" speed="16.66" length="0.10" shape="10000.00,-8.25 10000.00,-8.25"/>
        <lane id=":3b_0_1" index="1" speed="25.00" length="0.10" shape="10000.00,-4.95 10000.00,-4.95"/>
        <lane id=":3b_0_2" index="2" speed="33.33" length="0.10" shape="10000.00,-1.65 10000.00,-1.65"/>
    </edge>
    <edge id=":4a_0" function="internal">
        <lane id=":4a_0_0" index="0" speed="16.66" length="0.10" shape="15000.00,13.25 15000.00,13.25"/>
        <lane id=":4a_0_1" index="1" speed="25.00" length="0.10" shape="15000.00,9.95 15000.00,9.95"/>
        <lane id=":4a_0_2" index="2" speed="33.33" length="0.10" shape="15000.00,6.65 15000.00,6.65"/>
    </edge>
    <edge id=":4b_0" function="internal">
        <lane id=":4b_0_0" index="0" speed="16.66" length="0.10" shape="15000.00,-8.25 15000.00,-8.25"/>
        <lane id=":4b_0_1" index="1" speed="25.00" length="0.10" shape="15000.00,-4.95 15000.00,-4.95"/>
        <lane id=":4b_0_2" index="2" speed="33.33" length="0.10" shape="15000.00,-1.65 15000.00,-1.65"/>
    </edge>
    <edge id=":5a_0" function="internal">
        <lane id=":5a_0_0" index="0" speed="16.66" length="0.10" shape="20000.00,13.25 20000.00,13.25"/>
        <lane id=":5a_0_1" index="1" speed="25.00" length="0.10" shape="20000.00,9.95 20000.00,9.95"/>
        <lane id=":5a_0_2" index="2" speed="33.33" length="0.10" shape="20000.00,6.65 20000.00,6.65"/>
    </edge>
    <edge id=":5b_0" function="internal">
        <lane id=":5b_0_0" index="0" speed="16.66" length="0.10" shape="20000.00,-8.25 20000.00,-8.25"/>
        <lane id=":5b_0_1" index="1" speed="25.00" length="0.10" shape="20000.00,-4.95 20000.00,-4.95"/>
        <lane id=":5b_0_2" index="2" speed="33.33" length="0.10" shape="20000.00,-1.65 20000.00,-1.65"/>
    </edge>
    <edge id=":6a_0" function="internal">
        <lane id=":6a_0_0" index="0" speed="16.66" length="0.10" shape="25000.00,13.25 25000.00,13.25"/>
        <lane id=":6a_0_1" index="1" speed="25.00" length="0.10" shape="25000.00,9.95 25000.00,9.95"/>
        <lane id=":6a_0_2" index="2" speed="33.33" length="0.10" shape="25000.00,6.65 25000.00,6.65"/>
    </edge>
    <edge id=":6b_0" function="internal">
        <lane id=":6b_0_0" index="0" speed="16.66" length="0.10" shape="25000.00,-8.25 25000.00,-8.25"/>
        <lane id=":6b_0_1" index="1" speed="25.00" length="0.10" shape="25000.00,-4.95 25000.00,-4.95"/>
        <lane id=":6b_0_2" index="2" speed="33.33" length="0.10" shape="25000.00,-1.65 25000.00,-1.65"/>
    </edge>
    <edge id=":7a_0" function="internal">
        <lane id=":7a_0_0" index="0" speed="16.66" length="0.10" shape="30000.00,13.25 30000.00,13.25"/>
        <lane id=":7a_0_1" index="1" speed="25.00" length="0.10" shape="30000.00,9.95 30000.00,9.95"/>
        <lane id=":7a_0_2" index="2" speed="33.33" length="0.10" shape="30000.00,6.65 30000.00,6.65"/>
    </edge>
    <edge id=":7b_0" function="internal">
        <lane id=":7b_0_0" index="0" speed="16.66" length="0.10" shape="30000.00,-8.25 30000.00,-8.25"/>
        <lane id=":7b_0_1" index="1" speed="25.00" length="0.10" shape="30000.00,-4.95 30000.00,-4.95"/>
        <lane id=":7b_0_2" index="2" speed="33.33" length="0.10" shape="30000.00,-1.65 30000.00,-1.65"/>
    </edge>
    <edge id=":8a_0" function="internal">
        <lane id=":8a_0_0" index="0" speed="16.66" length="0.10" shape="35000.00,13.25 35000.00,13.25"/>
        <lane id=":8a_0_1" index="1" speed="25.00" length="0.10" shape="35000.00,9.95 35000.00,9.95"/>
        <lane id=":8a_0_2" index="2" speed="33.33" length="0.10" shape="35000.00,6.65 35000.00,6.65"/>
    </edge>
    <edge id=":8b_0" function="internal">
        <lane id=":8b_0_0" index="0" speed="16.66" length="0.10" shape="35000.00,-8.25 35000.00,-8.25"/>
        <lane id=":8b_0_1" index="1" speed="25.00" length="0.10" shape="35000.00,-4.95 35000.00,-4.95"/>
        <lane id=":8b_0_2" index="2" speed="33.33" length="0.10" shape="35000.00,-1.65 35000.00,-1.65"/>
    </edge>
    <edge id=":9a_0" function="internal">
        <lane id=":9a_0_0" index="0" speed="16.66" length="0.10" shape="40000.00,13.25 40000.00,13.25"/>
        <lane id=":9a_0_1" index="1" speed="25.00" length="0.10" shape="40000.00,9.95 40000.00,9.95"/>
        <lane id=":9a_0_2" index="2" speed="33.33" length="0.10" shape="40000.00,6.65 40000.00,6.65"/>
    </edge>
    <edge id=":9b_0" function="internal">
        <lane id=":9b_0_0" index="0" speed="16.66" length="0.10" shape="40000.00,-8.25 40000.00,-8.25"/>
        <lane id=":9b_0_1" index="1" speed="25.00" length="0.10" shape="40000.00,-4.95 40000.00,-4.95"/>
        <lane id=":9b_0_2" index="2" speed="33.33" length="0.10" shape="40000.00,-1.65 40000.00,-1.65"/>
    </edge>

    <edge id="10ato9a" from="10a" to="9a" priority="-1">
        <lane id="10ato9a_0" index="0" speed="16.66" length="5000.00" shape="45000.00,13.25 40000.00,13.25"/>
        <lane id="10ato9a_1" index="1" speed="25.00" length="5000.00" shape="45000.00,9.95 40000.00,9.95"/>
        <lane id="10ato9a_2" index="2" speed="33.33" length="5000.00" shape="45000.00,6.65 40000.00,6.65"/>
    </edge>
    <edge id="10bto11b" from="10b" to="11b" priority="-1">
        <lane id="10bto11b_0" index="0" speed="16.66" length="5000.00" shape="45000.00,-8.25 50000.00,-8.25"/>
        <lane id="10bto11b_1" index="1" speed="25.00" length="5000.00" shape="45000.00,-4.95 50000.00,-4.95"/>
        <lane id="10bto11b_2" index="2" speed="33.33" length="5000.00" shape="45000.00,-1.65 50000.00,-1.65"/>
    </edge>
    <edge id="11ato10a" from="11a" to="10a" priority="-1">
        <lane id="11ato10a_0" index="0" speed="16.66" length="5000.00" shape="50000.00,13.25 45000.00,13.25"/>
        <lane id="11ato10a_1" index="1" speed="25.00" length="5000.00" shape="50000.00,9.95 45000.00,9.95"/>
        <lane id="11ato10a_2" index="2" speed="33.33" length="5000.00" shape="50000.00,6.65 45000.00,6.65"/>
    </edge>
    <edge id="11bto12b" from="11b" to="12b" priority="-1">
        <lane id="11bto12b_0" index="0" speed="16.66" length="5000.00" shape="50000.00,-8.25 55000.00,-8.25"/>
        <lane id="11bto12b_1" index="1" speed="25.00" length="5000.00" shape="50000.00,-4.95 55000.00,-4.95"/>
        <lane id="11bto12b_2" index="2" speed="33.33" length="5000.00" shape="50000.00,-1.65 55000.00,-1.65"/>
    </edge>
    <edge id="12ato11a" from="12a" to="11a" priority="-1">
        <lane id="12ato11a_0" index="0" speed="16.66" length="5000.00" shape="55000.00,13.25 50000.00,13.25"/>
        <lane id="12ato11a_1" index="1" speed="25.00" length="5000.00" shape="55000.00,9.95 50000.00,9.95"/>
        <lane id="12ato11a_2" index="2" speed="33.33" length="5000.00" shape="55000.00,6.65 50000.00,6.65"/>
    </edge>
    <edge id="12bto13b" from="12b" to="13b" priority="-1">
        <lane id="12bto13b_0" index="0" speed="16.66" length="5000.00" shape="55000.00,-8.25 60000.00,-8.25"/>
        <lane id="12bto13b_1" index="1" speed="25.00" length="5000.00" shape="55000.00,-4.95 60000.00,-4.95"/>
        <lane id="12bto13b_2" index="2" speed="33.33" length="5000.00" shape="55000.00,-1.65 60000.00,-1.65"/>
    </edge>
    <edge id="13ato12a" from="13a" to="12a" priority="-1">
        <lane id="13ato12a_0" index="0" speed="16.66" length="5000.00" shape="60000.00,13.25 55000.00,13.25"/>
        <lane id="13ato12a_1" index="1" speed="25.00" length="5000.00" shape="60000.00,9.95 55000.00,9.95"/>
        <lane id="13ato12a_2" index="2" speed="33.33" length="5000.00" shape="60000.00,6.65 55000.00,6.65"/>
    </edge>
    <edge id="13bto14b" from="13b" to="14b" priority="-1">
        <lane id="13bto14b_0" index="0" speed="16.66" length="5000.00" shape="60000.00,-8.25 65000.00,-8.25"/>
        <lane id="13bto14b_1" index="1" speed="25.00" length="5000.00" shape="60000.00,-4.95 65000.00,-4.95"/>
        <lane id="13bto14b_2" index="2" speed="33.33" length="5000.00" shape="60000.00,-1.65 65000.00,-1.65"/>
    </edge>
    <edge id="14ato13a" from="14a" to="13a" priority="-1">
        <lane id="14ato13a_0" index="0" speed="16.66" length="5000.00" shape="65000.00,13.25 60000.00,13.25"/>
        <lane id="14ato13a_1" index="1" speed="25.00" length="5000.00" shape="65000.00,9.95 60000.00,9.95"/>
        <lane id="14ato13a_2" index="2" speed="33.33" length="5000.00" shape="65000.00,6.65 60000.00,6.65"/>
    </edge>
    <edge id="14bto15b" from="14b" to="15b" priority="-1">
        <lane id="14bto15b_0" index="0" speed="16.66" length="5000.00" shape="65000.00,-8.25 70000.00,-8.25"/>
        <lane id="14bto15b_1" index="1" speed="25.00" length="5000.00" shape="65000.00,-4.95 70000.00,-4.95"/>
        <lane id="14bto15b_2" index="2" speed="33.33" length="5000.00" shape="65000.00,-1.65 70000.00,-1.65"/>
    </edge>
    <edge id="15ato14a" from="15a" to="14a" priority="-1">
        <lane id="15ato14a_0" index="0" speed="16.66" length="5000.00" shape="70000.00,13.25 65000.00,13.25"/>
        <lane id="15ato14a_1" index="1" speed="25.00" length="5000.00" shape="70000.00,9.95 65000.00,9.95"/>
        <lane id="15ato14a_2" index="2" speed="33.33" length="5000.00" shape="70000.00,6.65 65000.00,6.65"/>
    </edge>
    <edge id="15bto16b" from="15b" to="16b" priority="-1">
        <lane id="15bto16b_0" index="0" speed="16.66" length="5000.00" shape="70000.00,-8.25 75000.00,-8.25"/>
        <lane id="15bto16b_1" index="1" speed="25.00" length="5000.00" shape="70000.00,-4.95 75000.00,-4.95"/>
        <lane id="15bto16b_2" index="2" speed="33.33" length="5000.00" shape="70000.00,-1.65 75000.00,-1.65"/>
    </edge>
    <edge id="16ato15a" from="16a" to="15a" priority="-1">
        <lane id="16ato15a_0" index="0" speed="16.66" length="5000.00" shape="75000.00,13.25 70000.00,13.25"/>
        <lane id="16ato15a_1" index="1" speed="25.00" length="5000.00" shape="75000.00,9.95 70000.00,9.95"/>
        <lane id="16ato15a_2" index="2" speed="33.33" length="5000.00" shape="75000.00,6.65 70000.00,6.65"/>
    </edge>
    <edge id="16bto17b" from="16b" to="17b" priority="-1">
        <lane id="16bto17b_0" index="0" speed="16.66" length="5000.00" shape="75000.00,-8.25 80000.00,-8.25"/>
        <lane id="16bto17b_1" index="1" speed="25.00" length="5000.00" shape="75000.00,-4.95 80000.00,-4.95"/>
        <lane id="16bto17b_2" index="2" speed="33.33" length="5000.00" shape="75000.00,-1.65 80000.00,-1.65"/>
    </edge>
    <edge id="17ato16a" from="17a" to="16a" priority="-1">
        <lane id="17ato16a_0" index="0" speed="16.66" length="5000.00" shape="80000.00,13.25 75000.00,13.25"/>
        <lane id="17ato16a_1" index="1" speed="25.00" length="5000.00" shape="80000.00,9.95 75000.00,9.95"/>
        <lane id="17ato16a_2" index="2" speed="33.33" length="5000.00" shape="80000.00,6.65 75000.00,6.65"/>
    </edge>
    <edge id="17bto18b" from="17b" to="18b" priority="-1">
        <lane id="17bto18b_0" index="0" speed="16.66" length="5000.00" shape="80000.00,-8.25 85000.00,-8.25"/>
        <lane id="17bto18b_1" index="1" speed="25.00" length="5000.00" shape="80000.00,-4.95 85000.00,-4.95"/>
        <lane id="17bto18b_2" index="2" speed="33.33" length="5000.00" shape="80000.00,-1.65 85000.00,-1.65"/>
    </edge>
    <edge id="18ato17a" from="18a" to="17a" priority="-1">
        <lane id="18ato17a_0" index="0" speed="16.66" length="5000.00" shape="85000.00,13.25 80000.00,13.25"/>
        <lane id="18ato17a_1" index="1" speed="25.00" length="5000.00" shape="85000.00,9.95 80000.00,9.95"/>
        <lane id="18ato17a_2" index="2" speed="33.33" length="5000.00" shape="85000.00,6.65 80000.00,6.65"/>
    </edge>
    <edge id="18bto19b" from="18b" to="19b" priority="-1">
        <lane id="18bto19b_0" index="0" speed="16.66" length="5000.00" shape="85000.00,-8.25 90000.00,-8.25"/>
        <lane id="18bto19b_1" index="1" speed="25.00" length="5000.00" shape="85000.00,-4.95 90000.00,-4.95"/>
        <lane id="18bto19b_2" index="2" speed="33.33" length="5000.00" shape="85000.00,-1.65 90000.00,-1.65"/>
    </edge>
    <edge id="19ato18a" from="19a" to="18a" priority="-1">
        <lane id="19ato18a_0" index="0" speed="16.66" length="5000.00" shape="90000.00,13.25 85000.00,13.25"/>
        <lane id="19ato18a_1" index="1" speed="25.00" length="5000.00" shape="90000.00,9.95 85000.00,9.95"/>
        <lane id="19ato18a_2" index="2" speed="33.33" length="5000.00" shape="90000.00,6.65 85000.00,6.65"/>
    </edge>
    <edge id="19bto20b" from="19b" to="20b" priority="-1">
        <lane id="19bto20b_0" index="0" speed="16.66" length="5000.00" shape="90000.00,-8.25 95000.00,-8.25"/>
        <lane id="19bto20b_1" index="1" speed="25.00" length="5000.00" shape="90000.00,-4.95 95000.00,-4.95"/>
        <lane id="19bto20b_2" index="2" speed="33.33" length="5000.00" shape="90000.00,-1.65 95000.00,-1.65"/>
    </edge>
    <edge id="1bto2b" from="1b" to="2b" priority="-1">
        <lane id="1bto2b_0" index="0" speed="16.66" length="5000.00" shape="0.00,-8.25 5000.00,-8.25"/>
        <lane id="1bto2b_1" index="1" speed="25.00" length="5000.00" shape="0.00,-4.95 5000.00,-4.95"/>
        <lane id="1bto2b_2" index="2" speed="33.33" length="5000.00" shape="0.00,-1.65 5000.00,-1.65"/>
    </edge>
    <edge id="20ato19a" from="20a" to="19a" priority="-1">
        <lane id="20ato19a_0" index="0" speed="16.66" length="5000.00" shape="95000.00,13.25 90000.00,13.25"/>
        <lane id="20ato19a_1" index="1" speed="25.00" length="5000.00" shape="95000.00,9.95 90000.00,9.95"/>
        <lane id="20ato19a_2" index="2" speed="33.33" length="5000.00" shape="95000.00,6.65 90000.00,6.65"/>
    </edge>
    <edge id="20bto21b" from="20b" to="21b" priority="-1">
        <lane id="20bto21b_0" index="0" speed="16.66" length="5000.00" shape="95000.00,-8.25 100000.00,-8.25"/>
        <lane id="20bto21b_1" index="1" speed="25.00" length="5000.00" shape="95000.00,-4.95 100000.00,-4.95"/>
        <lane id="20bto21b_2" index="2" speed="33.33" length="5000.00" shape="95000.00,-1.65 100000.00,-1.65"/>
    </edge>
    <edge id="21ato20a" from="21a" to="20a" priority="-1">
        <lane id="21ato20a_0" index="0" speed="16.66" length="5000.00" shape="100000.00,13.25 95000.00,13.25"/>
        <lane id="21ato20a_1" index="1" speed="25.00" length="5000.00" shape="100000.00,9.95 95000.00,9.95"/>
        <lane id="21ato20a_2" index="2" speed="33.33" length="5000.00" shape="100000.00,6.65 95000.00,6.65"/>
    </edge>
    <edge id="2ato1a" from="2a" to="1a" priority="-1">
        <lane id="2ato1a_0" index="0" speed="16.66" length="5000.00" shape="5000.00,13.25 0.00,13.25"/>
        <lane id="2ato1a_1" index="1" speed="25.00" length="5000.00" shape="5000.00,9.95 0.00,9.95"/>
        <lane id="2ato1a_2" index="2" speed="33.33" length="5000.00" shape="5000.00,6.65 0.00,6.65"/>
    </edge>
    <edge id="2bto3b" from="2b" to="3b" priority="-1">
        <lane id="2bto3b_0" index="0" speed="16.66" length="5000.00" shape="5000.00,-8.25 10000.00,-8.25"/>
        <lane id="2bto3b_1" index="1" speed="25.00" length="5000.00" shape="5000.00,-4.95 10000.00,-4.95"/>
        <lane id="2bto3b_2" index="2" speed="33.33" length="5000.00" shape="5000.00,-1.65 10000.00,-1.65"/>
    </edge>
    <edge id="3ato2a" from="3a" to="2a" priority="-1">
        <lane id="3ato2a_0" index="0" speed="16.66" length="5000.00" shape="10000.00,13.25 5000.00,13.25"/>
        <lane id="3ato2a_1" index="1" speed="25.00" length="5000.00" shape="10000.00,9.95 5000.00,9.95"/>
        <lane id="3ato2a_2" index="2" speed="33.33" length="5000.00" shape="10000.00,6.65 5000.00,6.65"/>
    </edge>
    <edge id="3bto4b" from="3b" to="4b" priority="-1">
        <lane id="3bto4b_0" index="0" speed="16.66" length="5000.00" shape="10000.00,-8.25 15000.00,-8.25"/>
        <lane id="3bto4b_1" index="1" speed="25.00" length="5000.00" shape="10000.00,-4.95 15000.00,-4.95"/>
        <lane id="3bto4b_2" index="2" speed="33.33" length="5000.00" shape="10000.00,-1.65 15000.00,-1.65"/>
    </edge>
    <edge id="4ato3a" from="4a" to="3a" priority="-1">
        <lane id="4ato3a_0" index="0" speed="16.66" length="5000.00" shape="15000.00,13.25 10000.00,13.25"/>
        <lane id="4ato3a_1" index="1" speed="25.00" length="5000.00" shape="15000.00,9.95 10000.00,9.95"/>
        <lane id="4ato3a_2" index="2" speed="33.33" length="5000.00" shape="15000.00,6.65 10000.00,6.65"/>
    </edge>
    <edge id="4bto5b" from="4b" to="5b" priority="-1">
        <lane id="4bto5b_0" index="0" speed="16.66" length="5000.00" shape="15000.00,-8.25 20000.00,-8.25"/>
        <lane id="4bto5b_1" index="1" speed="25.00" length="5000.00" shape="15000.00,-4.95 20000.00,-4.95"/>
        <lane id="4bto5b_2" index="2" speed="33.33" length="5000.00" shape="15000.00,-1.65 20000.00,-1.65"/>
    </edge>
    <edge id="5ato4a" from="5a" to="4a" priority="-1">
        <lane id="5ato4a_0" index="0" speed="16.66" length="5000.00" shape="20000.00,13.25 15000.00,13.25"/>
        <lane id="5ato4a_1" index="1" speed="25.00" length="5000.00" shape="20000.00,9.95 15000.00,9.95"/>
        <lane id="5ato4a_2" index="2" speed="33.33" length="5000.00" shape="20000.00,6.65 15000.00,6.65"/>
    </edge>
    <edge id="5bto6b" from="5b" to="6b" priority="-1">
        <lane id="5bto6b_0" index="0" speed="16.66" length="5000.00" shape="20000.00,-8.25 25000.00,-8.25"/>
        <lane id="5bto6b_1" index="1" speed="25.00" length="5000.00" shape="20000.00,-4.95 25000.00,-4.95"/>
        <lane id="5bto6b_2" index="2" speed="33.33" length="5000.00" shape="20000.00,-1.65 25000.00,-1.65"/>
    </edge>
    <edge id="6ato5a" from="6a" to="5a" priority="-1">
        <lane id="6ato5a_0" index="0" speed="16.66" length="5000.00" shape="25000.00,13.25 20000.00,13.25"/>
        <lane id="6ato5a_1" index="1" speed="25.00" length="5000.00" shape="25000.00,9.95 20000.00,9.95"/>
        <lane id="6ato5a_2" index="2" speed="33.33" length="5000.00" shape="25000.00,6.65 20000.00,6.65"/>
    </edge>
    <edge id="6bto7b" from="6b" to="7b" priority="-1">
        <lane id="6bto7b_0" index="0" speed="16.66" length="5000.00" shape="25000.00,-8.25 30000.00,-8.25"/>
        <lane id="6bto7b_1" index="1" speed="25.00" length="5000.00" shape="25000.00,-4.95 30000.00,-4.95"/>
        <lane id="6bto7b_2" index="2" speed="33.33" length="5000.00" shape="25000.00,-1.65 30000.00,-1.65"/>
    </edge>
    <edge id="7ato6a" from="7a" to="6a" priority="-1">
        <lane id="7ato6a_0" index="0" speed="16.66" length="5000.00" shape="30000.00,13.25 25000.00,13.25"/>
        <lane id="7ato6a_1" index="1" speed="25.00" length="5000.00" shape="30000.00,9.95 25000.00,9.95"/>
        <lane id="7ato6a_2" index="2" speed="33.33" length="5000.00" shape="30000.00,6.65 25000.00,6.65"/>
    </edge>
    <edge id="7bto8b" from="7b" to="8b" priority="-1">
        <lane id="7bto8b_0" index="0" speed="16.66" length="5000.00" shape="30000.00,-8.25 35000.00,-8.25"/>
        <lane id="7bto8b_1" index="1" speed="25.00" length="5000.00" shape="30000.00,-4.95 35000.00,-4.95"/>
        <lane id="7bto8b_2" index="2" speed="33.33" length="5000.00" shape="30000.00,-1.65 35000.00,-1.65"/>
    </edge>
    <edge id="8ato7a" from="8a" to="7a" priority="-1">
        <lane id="8ato7a_0" index="0" speed="16.66" length="5000.00" shape="35000.00,13.25 30000.00,13.25"/>
        <lane id="8ato7a_1" index="1" speed="25.00" length="5000.00" shape="35000.00,9.95 30000.00,9.95"/>
        <lane id="8ato7a_2" index="2" speed="33.33" length="5000.00" shape="35000.00,6.65 30000.00,6.65"/>
    </edge>
    <edge id="8bto9b" from="8b" to="9b" priority="-1">
        <lane id="8bto9b_0" index="0" speed="16.66" length="5000.00" shape="35000.00,-8.25 40000.00,-8.25"/>
        <lane id="8bto9b_1" index="1" speed="25.00" length="5000.00" shape="35000.00,-4.95 40000.00,-4.95"/>
        <lane id="8bto9b_2" index="2" speed="33.33" length="5000.00" shape="35000.00,-1.65 40000.00,-1.65"/>
    </edge>
    <edge id="9ato8a" from="9a" to="8a" priority="-1">
        <lane id="9ato8a_0" index="0" speed="16.66" length="5000.00" shape="40000.00,13.25 35000.00,13.25"/>
        <lane id="9ato8a_1" index="1" speed="25.00" length="5000.00" shape="40000.00,9.95 35000.00,9.95"/>
        <lane id="9ato8a_2" index="2" speed="33.33" length="5000.00" shape="40000.00,6.65 35000.00,6.65"/>
    </edge>
    <edge id="9bto10b" from="9b" to="10b" priority="-1">
        <lane id="9bto10b_0" index="0" speed="16.66" length="5000.00" shape="40000.00,-8.25 45000.00,-8.25"/>
        <lane id="9bto10b_1" index="1" speed="25.00" length="5000.00" shape="40000.00,-4.95 45000.00,-4.95"/>
        <lane id="9bto10b_2" index="2" speed="33.33" length="5000.00" shape="40000.00,-1.65 45000.00,-1.65"/>
    </edge>

    <junction id="10a" type="priority" x="45000.00" y="5.00" incLanes="11ato10a_0 11ato10a_1 11ato10a_2" intLanes=":10a_0_0 :10a_0_1 :10a_0_2" shape="45000.00,14.85 45000.00,5.05 45000.00,14.85">
        <request index="0" response="000" foes="000" cont="0"/>
        <request index="1" response="001" foes="001" cont="0"/>
        <request index="2" response="011" foes="011" cont="0"/>
    </junction>
    <junction id="10b" type="priority" x="45000.00" y="0.00" incLanes="9bto10b_0 9bto10b_1 9bto10b_2" intLanes=":10b_0_0 :10b_0_1 :10b_0_2" shape="45000.00,-0.05 45000.00,-9.85 45000.00,-0.05">
        <request index="0" response="000" foes="000" cont="0"/>
        <request index="1" response="000" foes="000" cont="0"/>
        <request index="2" response="000" foes="000" cont="0"/>
    </junction>
    <junction id="11a" type="priority" x="50000.00" y="5.00" incLanes="12ato11a_0 12ato11a_1 12ato11a_2" intLanes=":11a_0_0 :11a_0_1 :11a_0_2" shape="50000.00,14.85 50000.00,5.05 50000.00,14.85">
        <request index="0" response="000" foes="000" cont="0"/>
        <request index="1" response="000" foes="000" cont="0"/>
        <request index="2" response="000" foes="000" cont="0"/>
    </junction>
    <junction id="11b" type="priority" x="50000.00" y="0.00" incLanes="10bto11b_0 10bto11b_1 10bto11b_2" intLanes=":11b_0_0 :11b_0_1 :11b_0_2" shape="50000.00,-0.05 50000.00,-9.85 50000.00,-0.05">
        <request index="0" response="000" foes="000" cont="0"/>
        <request index="1" response="000" foes="000" cont="0"/>
        <request index="2" response="000" foes="000" cont="0"/>
    </junction>
    <junction id="12a" type="priority" x="55000.00" y="5.00" incLanes="13ato12a_0 13ato12a_1 13ato12a_2" intLanes=":12a_0_0 :12a_0_1 :12a_0_2" shape="55000.00,14.85 55000.00,5.05 55000.00,14.85">
        <request index="0" response="000" foes="000" cont="0"/>
        <request index="1" response="000" foes="000" cont="0"/>
        <request index="2" response="000" foes="000" cont="0"/>
    </junction>
    <junction id="12b" type="priority" x="55000.00" y="0.00" incLanes="11bto12b_0 11bto12b_1 11bto12b_2" intLanes=":12b_0_0 :12b_0_1 :12b_0_2" shape="55000.00,-0.05 55000.00,-9.85 55000.00,-0.05">
        <request index="0" response="000" foes="000" cont="0"/>
        <request index="1" response="000" foes="000" cont="0"/>
        <request index="2" response="000" foes="000" cont="0"/>
    </junction>
    <junction id="13a" type="priority" x="60000.00" y="5.00" incLanes="14ato13a_0 14ato13a_1 14ato13a_2" intLanes=":13a_0_0 :13a_0_1 :13a_0_2" shape="60000.00,14.85 60000.00,5.05 60000.00,14.85">
        <request index="0" response="000" foes="000" cont="0"/>
        <request index="1" response="000" foes="000" cont="0"/>
        <request index="2" response="000" foes="000" cont="0"/>
    </junction>
    <junction id="13b" type="priority" x="60000.00" y="0.00" incLanes="12bto13b_0 12bto13b_1 12bto13b_2" intLanes=":13b_0_0 :13b_0_1 :13b_0_2" shape="60000.00,-0.05 60000.00,-9.85 60000.00,-0.05">
        <request index="0" response="000" foes="000" cont="0"/>
        <request index="1" response="000" foes="000" cont="0"/>
        <request index="2" response="000" foes="000" cont="0"/>
    </junction>
    <junction id="14a" type="priority" x="65000.00" y="5.00" incLanes="15ato14a_0 15ato14a_1 15ato14a_2" intLanes=":14a_0_0 :14a_0_1 :14a_0_2" shape="65000.00,14.85 65000.00,5.05 65000.00,14.85">
        <request index="0" response="000" foes="000" cont="0"/>
        <request index="1" response="000" foes="000" cont="0"/>
        <request index="2" response="000" foes="000" cont="0"/>
    </junction>
    <junction id="14b" type="priority" x="65000.00" y="0.00" incLanes="13bto14b_0 13bto14b_1 13bto14b_2" intLanes=":14b_0_0 :14b_0_1 :14b_0_2" shape="65000.00,-0.05 65000.00,-9.85 65000.00,-0.05">
        <request index="0" response="000" foes="000" cont="0"/>
        <request index="1" response="001" foes="001" cont="0"/>
        <request index="2" response="011" foes="011" cont="0"/>
    </junction>
    <junction id="15a" type="priority" x="70000.00" y="5.00" incLanes="16ato15a_0 16ato15a_1 16ato15a_2" intLanes=":15a_0_0 :15a_0_1 :15a_0_2" shape="70000.00,14.85 70000.00,5.05 70000.00,14.85">
        <request index="0" response="000" foes="000" cont="0"/>
        <request index="1" response="000" foes="000" cont="0"/>
        <request index="2" response="000" foes="000" cont="0"/>
    </junction>
    <junction id="15b" type="priority" x="70000.00" y="0.00" incLanes="14bto15b_0 14bto15b_1 14bto15b_2" intLanes=":15b_0_0 :15b_0_1 :15b_0_2" shape="70000.00,-0.05 70000.00,-9.85 70000.00,-0.05">
        <request index="0" response="000" foes="000" cont="0"/>
        <request index="1" response="001" foes="001" cont="0"/>
        <request index="2" response="011" foes="011" cont="0"/>
    </junction>
    <junction id="16a" type="priority" x="75000.00" y="5.00" incLanes="17ato16a_0 17ato16a_1 17ato16a_2" intLanes=":16a_0_0 :16a_0_1 :16a_0_2" shape="75000.00,14.85 75000.00,5.05 75000.00,14.85">
        <request index="0" response="000" foes="000" cont="0"/>
        <request index="1" response="000" foes="000" cont="0"/>
        <request index="2" response="000" foes="000" cont="0"/>
    </junction>
    <junction id="16b" type="priority" x="75000.00" y="0.00" incLanes="15bto16b_0 15bto16b_1 15bto16b_2" intLanes=":16b_0_0 :16b_0_1 :16b_0_2" shape="75000.00,-0.05 75000.00,-9.85 75000.00,-0.05">
        <request index="0" response="000" foes="000" cont="0"/>
        <request index="1" response="000" foes="000" cont="0"/>
        <request index="2" response="000" foes="000" cont="0"/>
    </junction>
    <junction id="17a" type="priority" x="80000.00" y="5.00" incLanes="18ato17a_0 18ato17a_1 18ato17a_2" intLanes=":17a_0_0 :17a_0_1 :17a_0_2" shape="80000.00,14.85 80000.00,5.05 80000.00,14.85">
        <request index="0" response="000" foes="000" cont="0"/>
        <request index="1" response="000" foes="000" cont="0"/>
        <request index="2" response="000" foes="000" cont="0"/>
    </junction>
    <junction id="17b" type="priority" x="80000.00" y="0.00" incLanes="16bto17b_0 16bto17b_1 16bto17b_2" intLanes=":17b_0_0 :17b_0_1 :17b_0_2" shape="80000.00,-0.05 80000.00,-9.85 80000.00,-0.05">
        <request index="0" response="000" foes="000" cont="0"/>
        <request index="1" response="000" foes="000" cont="0"/>
        <request index="2" response="000" foes="000" cont="0"/>
    </junction>
    <junction id="18a" type="priority" x="85000.00" y="5.00" incLanes="19ato18a_0 19ato18a_1 19ato18a_2" intLanes=":18a_0_0 :18a_0_1 :18a_0_2" shape="85000.00,14.85 85000.00,5.05 85000.00,14.85">
        <request index="0" response="000" foes="000" cont="0"/>
        <request index="1" response="000" foes="000" cont="0"/>
        <request index="2" response="000" foes="000" cont="0"/>
    </junction>
    <junction id="18b" type="priority" x="85000.00" y="0.00" incLanes="17bto18b_0 17bto18b_1 17bto18b_2" intLanes=":18b_0_0 :18b_0_1 :18b_0_2" shape="85000.00,-0.05 85000.00,-9.85 85000.00,-0.05">
        <request index="0" response="000" foes="000" cont="0"/>
        <request index="1" response="000" foes="000" cont="0"/>
        <request index="2" response="000" foes="000" cont="0"/>
    </junction>
    <junction id="19a" type="priority" x="90000.00" y="5.00" incLanes="20ato19a_0 20ato19a_1 20ato19a_2" intLanes=":19a_0_0 :19a_0_1 :19a_0_2" shape="90000.00,14.85 90000.00,5.05 90000.00,14.85">
        <request index="0" response="000" foes="000" cont="0"/>
        <request index="1" response="000" foes="000" cont="0"/>
        <request index="2" response="000" foes="000" cont="0"/>
    </junction>
    <junction id="19b" type="priority" x="90000.00" y="0.00" incLanes="18bto19b_0 18bto19b_1 18bto19b_2" intLanes=":19b_0_0 :19b_0_1 :19b_0_2" shape="90000.00,-0.05 90000.00,-9.85 90000.00,-0.05">
        <request index="0" response="000" foes="000" cont="0"/>
        <request index="1" response="000" foes="000" cont="0"/>
        <request index="2" response="000" foes="000" cont="0"/>
    </junction>
    <junction id="1a" type="unregulated" x="0.00" y="5.00" incLanes="2ato1a_0 2ato1a_1 2ato1a_2" intLanes="" shape="0.00,14.85 0.00,5.05"/>
    <junction id="1b" type="unregulated" x="0.00" y="0.00" incLanes="" intLanes="" shape="-0.00,-0.05 -0.00,-9.85"/>
    <junction id="20a" type="priority" x="95000.00" y="5.00" incLanes="21ato20a_0 21ato20a_1 21ato20a_2" intLanes=":20a_0_0 :20a_0_1 :20a_0_2" shape="95000.00,14.85 95000.00,5.05 95000.00,14.85">
        <request index="0" response="000" foes="000" cont="0"/>
        <request index="1" response="001" foes="001" cont="0"/>
        <request index="2" response="011" foes="011" cont="0"/>
    </junction>
    <junction id="20b" type="priority" x="95000.00" y="0.00" incLanes="19bto20b_0 19bto20b_1 19bto20b_2" intLanes=":20b_0_0 :20b_0_1 :20b_0_2" shape="95000.00,-0.05 95000.00,-9.85 95000.00,-0.05">
        <request index="0" response="000" foes="000" cont="0"/>
        <request index="1" response="001" foes="001" cont="0"/>
        <request index="2" response="011" foes="011" cont="0"/>
    </junction>
    <junction id="21a" type="unregulated" x="100000.00" y="5.00" incLanes="" intLanes="" shape="100000.00,5.05 100000.00,14.85"/>
    <junction id="21b" type="unregulated" x="100000.00" y="0.00" incLanes="20bto21b_0 20bto21b_1 20bto21b_2" intLanes="" shape="100000.00,-9.85 100000.00,-0.05"/>
    <junction id="2a" type="priority" x="5000.00" y="5.00" incLanes="3ato2a_0 3ato2a_1 3ato2a_2" intLanes=":2a_0_0 :2a_0_1 :2a_0_2" shape="5000.00,14.85 5000.00,5.05 5000.00,14.85">
        <request index="0" response="000" foes="000" cont="0"/>
        <request index="1" response="000" foes="000" cont="0"/>
        <request index="2" response="000" foes="000" cont="0"/>
    </junction>
    <junction id="2b" type="priority" x="5000.00" y="0.00" incLanes="1bto2b_0 1bto2b_1 1bto2b_2" intLanes=":2b_0_0 :2b_0_1 :2b_0_2" shape="5000.00,-0.05 5000.00,-9.85 5000.00,-0.05">
        <request index="0" response="000" foes="000" cont="0"/>
        <request index="1" response="000" foes="000" cont="0"/>
        <request index="2" response="000" foes="000" cont="0"/>
    </junction>
    <junction id="3a" type="priority" x="10000.00" y="5.00" incLanes="4ato3a_0 4ato3a_1 4ato3a_2" intLanes=":3a_0_0 :3a_0_1 :3a_0_2" shape="10000.00,14.85 10000.00,5.05 10000.00,14.85">
        <request index="0" response="000" foes="000" cont="0"/>
        <request index="1" response="000" foes="000" cont="0"/>
        <request index="2" response="000" foes="000" cont="0"/>
    </junction>
    <junction id="3b" type="priority" x="10000.00" y="0.00" incLanes="2bto3b_0 2bto3b_1 2bto3b_2" intLanes=":3b_0_0 :3b_0_1 :3b_0_2" shape="10000.00,-0.05 10000.00,-9.85 10000.00,-0.05">
        <request index="0" response="000" foes="000" cont="0"/>
        <request index="1" response="000" foes="000" cont="0"/>
        <request index="2" response="000" foes="000" cont="0"/>
    </junction>
    <junction id="4a" type="priority" x="15000.00" y="5.00" incLanes="5ato4a_0 5ato4a_1 5ato4a_2" intLanes=":4a_0_0 :4a_0_1 :4a_0_2" shape="15000.00,14.85 15000.00,5.05 15000.00,14.85">
        <request index="0" response="000" foes="000" cont="0"/>
        <request index="1" response="000" foes="000" cont="0"/>
        <request index="2" response="000" foes="000" cont="0"/>
    </junction>
    <junction id="4b" type="priority" x="15000.00" y="0.00" incLanes="3bto4b_0 3bto4b_1 3bto4b_2" intLanes=":4b_0_0 :4b_0_1 :4b_0_2" shape="15000.00,-0.05 15000.00,-9.85 15000.00,-0.05">
        <request index="0" response="000" foes="000" cont="0"/>
        <request index="1" response="000" foes="000" cont="0"/>
        <request index="2" response="000" foes="000" cont="0"/>
    </junction>
    <junction id="5a" type="priority" x="20000.00" y="5.00" incLanes="6ato5a_0 6ato5a_1 6ato5a_2" intLanes=":5a_0_0 :5a_0_1 :5a_0_2" shape="20000.00,14.85 20000.00,5.05 20000.00,14.85">
        <request index="0" response="000" foes="000" cont="0"/>
        <request index="1" response="000" foes="000" cont="0"/>
        <request index="2" response="000" foes="000" cont="0"/>
    </junction>
    <junction id="5b" type="priority" x="20000.00" y="0.00" incLanes="4bto5b_0 4bto5b_1 4bto5b_2" intLanes=":5b_0_0 :5b_0_1 :5b_0_2" shape="20000.00,-0.05 20000.00,-9.85 20000.00,-0.05">
        <request index="0" response="000" foes="000" cont="0"/>
        <request index="1" response="000" foes="000" cont="0"/>
        <request index="2" response="000" foes="000" cont="0"/>
    </junction>
    <junction id="6a" type="priority" x="25000.00" y="5.00" incLanes="7ato6a_0 7ato6a_1 7ato6a_2" intLanes=":6a_0_0 :6a_0_1 :6a_0_2" shape="25000.00,14.85 25000.00,5.05 25000.00,14.85">
        <request index="0" response="000" foes="000" cont="0"/>
        <request index="1" response="000" foes="000" cont="0"/>
        <request index="2" response="000" foes="000" cont="0"/>
    </junction>
    <junction id="6b" type="priority" x="25000.00" y="0.00" incLanes="5bto6b_0 5bto6b_1 5bto6b_2" intLanes=":6b_0_0 :6b_0_1 :6b_0_2" shape="25000.00,-0.05 25000.00,-9.85 25000.00,-0.05">
        <request index="0" response="000" foes="000" cont="0"/>
        <request index="1" response="001" foes="001" cont="0"/>
        <request index="2" response="011" foes="011" cont="0"/>
    </junction>
    <junction id="7a" type="priority" x="30000.00" y="5.00" incLanes="8ato7a_0 8ato7a_1 8ato7a_2" intLanes=":7a_0_0 :7a_0_1 :7a_0_2" shape="30000.00,14.85 30000.00,5.05 30000.00,14.85">
        <request index="0" response="000" foes="000" cont="0"/>
        <request index="1" response="000" foes="000" cont="0"/>
        <request index="2" response="000" foes="000" cont="0"/>
    </junction>
    <junction id="7b" type="priority" x="30000.00" y="0.00" incLanes="6bto7b_0 6bto7b_1 6bto7b_2" intLanes=":7b_0_0 :7b_0_1 :7b_0_2" shape="30000.00,-0.05 30000.00,-9.85 30000.00,-0.05">
        <request index="0" response="000" foes="000" cont="0"/>
        <request index="1" response="001" foes="001" cont="0"/>
        <request index="2" response="011" foes="011" cont="0"/>
    </junction>
    <junction id="8a" type="priority" x="35000.00" y="5.00" incLanes="9ato8a_0 9ato8a_1 9ato8a_2" intLanes=":8a_0_0 :8a_0_1 :8a_0_2" shape="35000.00,14.85 35000.00,5.05 35000.00,14.85">
        <request index="0" response="000" foes="000" cont="0"/>
        <request index="1" response="000" foes="000" cont="0"/>
        <request index="2" response="000" foes="000" cont="0"/>
    </junction>
    <junction id="8b" type="priority" x="35000.00" y="0.00" incLanes="7bto8b_0 7bto8b_1 7bto8b_2" intLanes=":8b_0_0 :8b_0_1 :8b_0_2" shape="35000.00,-0.05 35000.00,-9.85 35000.00,-0.05">
        <request index="0" response="000" foes="000" cont="0"/>
        <request index="1" response="000" foes="000" cont="0"/>
        <request index="2" response="000" foes="000" cont="0"/>
    </junction>
    <junction id="9a" type="priority" x="40000.00" y="5.00" incLanes="10ato9a_0 10ato9a_1 10ato9a_2" intLanes=":9a_0_0 :9a_0_1 :9a_0_2" shape="40000.00,14.85 40000.00,5.05 40000.00,14.85">
        <request index="0" response="000" foes="000" cont="0"/>
        <request index="1" response="000" foes="000" cont="0"/>
        <request index="2" response="000" foes="000" cont="0"/>
    </junction>
    <junction id="9b" type="priority" x="40000.00" y="0.00" incLanes="8bto9b_0 8bto9b_1 8bto9b_2" intLanes=":9b_0_0 :9b_0_1 :9b_0_2" shape="40000.00,-0.05 40000.00,-9.85 40000.00,-0.05">
        <request index="0" response="000" foes="000" cont="0"/>
        <request index="1" response="000" foes="000" cont="0"/>
        <request index="2" response="000" foes="000" cont="0"/>
    </junction>

    <connection from="10ato9a" to="9ato8a" fromLane="0" toLane="0" via=":9a_0_0" dir="s" state="M"/>
    <connection from="10ato9a" to="9ato8a" fromLane="1" toLane="1" via=":9a_0_1" dir="s" state="M"/>
    <connection from="10ato9a" to="9ato8a" fromLane="2" toLane="2" via=":9a_0_2" dir="s" state="M"/>
    <connection from="10bto11b" to="11bto12b" fromLane="0" toLane="0" via=":11b_0_0" dir="s" state="M"/>
    <connection from="10bto11b" to="11bto12b" fromLane="1" toLane="1" via=":11b_0_1" dir="s" state="M"/>
    <connection from="10bto11b" to="11bto12b" fromLane="2" toLane="2" via=":11b_0_2" dir="s" state="M"/>
    <connection from="11ato10a" to="10ato9a" fromLane="0" toLane="0" via=":10a_0_0" dir="s" state="M"/>
    <connection from="11ato10a" to="10ato9a" fromLane="1" toLane="1" via=":10a_0_1" dir="s" state="M"/>
    <connection from="11ato10a" to="10ato9a" fromLane="2" toLane="2" via=":10a_0_2" dir="s" state="M"/>
    <connection from="11bto12b" to="12bto13b" fromLane="0" toLane="0" via=":12b_0_0" dir="s" state="M"/>
    <connection from="11bto12b" to="12bto13b" fromLane="1" toLane="1" via=":12b_0_1" dir="s" state="M"/>
    <connection from="11bto12b" to="12bto13b" fromLane="2" toLane="2" via=":12b_0_2" dir="s" state="M"/>
    <connection from="12ato11a" to="11ato10a" fromLane="0" toLane="0" via=":11a_0_0" dir="s" state="M"/>
    <connection from="12ato11a" to="11ato10a" fromLane="1" toLane="1" via=":11a_0_1" dir="s" state="M"/>
    <connection from="12ato11a" to="11ato10a" fromLane="2" toLane="2" via=":11a_0_2" dir="s" state="M"/>
    <connection from="12bto13b" to="13bto14b" fromLane="0" toLane="0" via=":13b_0_0" dir="s" state="M"/>
    <connection from="12bto13b" to="13bto14b" fromLane="1" toLane="1" via=":13b_0_1" dir="s" state="M"/>
    <connection from="12bto13b" to="13bto14b" fromLane="2" toLane="2" via=":13b_0_2" dir="s" state="M"/>
    <connection from="13ato12a" to="12ato11a" fromLane="0" toLane="0" via=":12a_0_0" dir="s" state="M"/>
    <connection from="13ato12a" to="12ato11a" fromLane="1" toLane="1" via=":12a_0_1" dir="s" state="M"/>
    <connection from="13ato12a" to="12ato11a" fromLane="2" toLane="2" via=":12a_0_2" dir="s" state="M"/>
    <connection from="13bto14b" to="14bto15b" fromLane="0" toLane="0" via=":14b_0_0" dir="s" state="M"/>
    <connection from="13bto14b" to="14bto15b" fromLane="1" toLane="1" via=":14b_0_1" dir="s" state="M"/>
    <connection from="13bto14b" to="14bto15b" fromLane="2" toLane="2" via=":14b_0_2" dir="s" state="M"/>
    <connection from="14ato13a" to="13ato12a" fromLane="0" toLane="0" via=":13a_0_0" dir="s" state="M"/>
    <connection from="14ato13a" to="13ato12a" fromLane="1" toLane="1" via=":13a_0_1" dir="s" state="M"/>
    <connection from="14ato13a" to="13ato12a" fromLane="2" toLane="2" via=":13a_0_2" dir="s" state="M"/>
    <connection from="14bto15b" to="15bto16b" fromLane="0" toLane="0" via=":15b_0_0" dir="s" state="M"/>
    <connection from="14bto15b" to="15bto16b" fromLane="1" toLane="1" via=":15b_0_1" dir="s" state="M"/>
    <connection from="14bto15b" to="15bto16b" fromLane="2" toLane="2" via=":15b_0_2" dir="s" state="M"/>
    <connection from="15ato14a" to="14ato13a" fromLane="0" toLane="0" via=":14a_0_0" dir="s" state="M"/>
    <connection from="15ato14a" to="14ato13a" fromLane="1" toLane="1" via=":14a_0_1" dir="s" state="M"/>
    <connection from="15ato14a" to="14ato13a" fromLane="2" toLane="2" via=":14a_0_2" dir="s" state="M"/>
    <connection from="15bto16b" to="16bto17b" fromLane="0" toLane="0" via=":16b_0_0" dir="s" state="M"/>
    <connection from="15bto16b" to="16bto17b" fromLane="1" toLane="1" via=":16b_0_1" dir="s" state="M"/>
    <connection from="15bto16b" to="16bto17b" fromLane="2" toLane="2" via=":16b_0_2" dir="s" state="M"/>
    <connection from="16ato15a" to="15ato14a" fromLane="0" toLane="0" via=":15a_0_0" dir="s" state="M"/>
    <connection from="16ato15a" to="15ato14a" fromLane="1" toLane="1" via=":15a_0_1" dir="s" state="M"/>
    <connection from="16ato15a" to="15ato14a" fromLane="2" toLane="2" via=":15a_0_2" dir="s" state="M"/>
    <connection from="16bto17b" to="17bto18b" fromLane="0" toLane="0" via=":17b_0_0" dir="s" state="M"/>
    <connection from="16bto17b" to="17bto18b" fromLane="1" toLane="1" via=":17b_0_1" dir="s" state="M"/>
    <connection from="16bto17b" to="17bto18b" fromLane="2" toLane="2" via=":17b_0_2" dir="s" state="M"/>
    <connection from="17ato16a" to="16ato15a" fromLane="0" toLane="0" via=":16a_0_0" dir="s" state="M"/>
    <connection from="17ato16a" to="16ato15a" fromLane="1" toLane="1" via=":16a_0_1" dir="s" state="M"/>
    <connection from="17ato16a" to="16ato15a" fromLane="2" toLane="2" via=":16a_0_2" dir="s" state="M"/>
    <connection from="17bto18b" to="18bto19b" fromLane="0" toLane="0" via=":18b_0_0" dir="s" state="M"/>
    <connection from="17bto18b" to="18bto19b" fromLane="1" toLane="1" via=":18b_0_1" dir="s" state="M"/>
    <connection from="17bto18b" to="18bto19b" fromLane="2" toLane="2" via=":18b_0_2" dir="s" state="M"/>
    <connection from="18ato17a" to="17ato16a" fromLane="0" toLane="0" via=":17a_0_0" dir="s" state="M"/>
    <connection from="18ato17a" to="17ato16a" fromLane="1" toLane="1" via=":17a_0_1" dir="s" state="M"/>
    <connection from="18ato17a" to="17ato16a" fromLane="2" toLane="2" via=":17a_0_2" dir="s" state="M"/>
    <connection from="18bto19b" to="19bto20b" fromLane="0" toLane="0" via=":19b_0_0" dir="s" state="M"/>
    <connection from="18bto19b" to="19bto20b" fromLane="1" toLane="1" via=":19b_0_1" dir="s" state="M"/>
    <connection from="18bto19b" to="19bto20b" fromLane="2" toLane="2" via=":19b_0_2" dir="s" state="M"/>
    <connection from="19ato18a" to="18ato17a" fromLane="0" toLane="0" via=":18a_0_0" dir="s" state="M"/>
    <connection from="19ato18a" to="18ato17a" fromLane="1" toLane="1" via=":18a_0_1" dir="s" state="M"/>
    <connection from="19ato18a" to="18ato17a" fromLane="2" toLane="2" via=":18a_0_2" dir="s" state="M"/>
    <connection from="19bto20b" to="20bto21b" fromLane="0" toLane="0" via=":20b_0_0" dir="s" state="M"/>
    <connection from="19bto20b" to="20bto21b" fromLane="1" toLane="1" via=":20b_0_1" dir="s" state="M"/>
    <connection from="19bto20b" to="20bto21b" fromLane="2" toLane="2" via=":20b_0_2" dir="s" state="M"/>
    <connection from="1bto2b" to="2bto3b" fromLane="0" toLane="0" via=":2b_0_0" dir="s" state="M"/>
    <connection from="1bto2b" to="2bto3b" fromLane="1" toLane="1" via=":2b_0_1" dir="s" state="M"/>
    <connection from="1bto2b" to="2bto3b" fromLane="2" toLane="2" via=":2b_0_2" dir="s" state="M"/>
    <connection from="20ato19a" to="19ato18a" fromLane="0" toLane="0" via=":19a_0_0" dir="s" state="M"/>
    <connection from="20ato19a" to="19ato18a" fromLane="1" toLane="1" via=":19a_0_1" dir="s" state="M"/>
    <connection from="20ato19a" to="19ato18a" fromLane="2" toLane="2" via=":19a_0_2" dir="s" state="M"/>
    <connection from="21ato20a" to="20ato19a" fromLane="0" toLane="0" via=":20a_0_0" dir="s" state="M"/>
    <connection from="21ato20a" to="20ato19a" fromLane="1" toLane="1" via=":20a_0_1" dir="s" state="M"/>
    <connection from="21ato20a" to="20ato19a" fromLane="2" toLane="2" via=":20a_0_2" dir="s" state="M"/>
    <connection from="2bto3b" to="3bto4b" fromLane="0" toLane="0" via=":3b_0_0" dir="s" state="M"/>
    <connection from="2bto3b" to="3bto4b" fromLane="1" toLane="1" via=":3b_0_1" dir="s" state="M"/>
    <connection from="2bto3b" to="3bto4b" fromLane="2" toLane="2" via=":3b_0_2" dir="s" state="M"/>
    <connection from="3ato2a" to="2ato1a" fromLane="0" toLane="0" via=":2a_0_0" dir="s" state="M"/>
    <connection from="3ato2a" to="2ato1a" fromLane="1" toLane="1" via=":2a_0_1" dir="s" state="M"/>
    <connection from="3ato2a" to="2ato1a" fromLane="2" toLane="2" via=":2a_0_2" dir="s" state="M"/>
    <connection from="3bto4b" to="4bto5b" fromLane="0" toLane="0" via=":4b_0_0" dir="s" state="M"/>
    <connection from="3bto4b" to="4bto5b" fromLane="1" toLane="1" via=":4b_0_1" dir="s" state="M"/>
    <connection from="3bto4b" to="4bto5b" fromLane="2" toLane="2" via=":4b_0_2" dir="s" state="M"/>
    <connection from="4ato3a" to="3ato2a" fromLane="0" toLane="0" via=":3a_0_0" dir="s" state="M"/>
    <connection from="4ato3a" to="3ato2a" fromLane="1" toLane="1" via=":3a_0_1" dir="s" state="M"/>
    <connection from="4ato3a" to="3ato2a" fromLane="2" toLane="2" via=":3a_0_2" dir="s" state="M"/>
    <connection from="4bto5b" to="5bto6b" fromLane="0" toLane="0" via=":5b_0_0" dir="s" state="M"/>
    <connection from="4bto5b" to="5bto6b" fromLane="1" toLane="1" via=":5b_0_1" dir="s" state="M"/>
    <connection from="4bto5b" to="5bto6b" fromLane="2" toLane="2" via=":5b_0_2" dir="s" state="M"/>
    <connection from="5ato4a" to="4ato3a" fromLane="0" toLane="0" via=":4a_0_0" dir="s" state="M"/>
    <connection from="5ato4a" to="4ato3a" fromLane="1" toLane="1" via=":4a_0_1" dir="s" state="M"/>
    <connection from="5ato4a" to="4ato3a" fromLane="2" toLane="2" via=":4a_0_2" dir="s" state="M"/>
    <connection from="5bto6b" to="6bto7b" fromLane="0" toLane="0" via=":6b_0_0" dir="s" state="M"/>
    <connection from="5bto6b" to="6bto7b" fromLane="1" toLane="1" via=":6b_0_1" dir="s" state="M"/>
    <connection from="5bto6b" to="6bto7b" fromLane="2" toLane="2" via=":6b_0_2" dir="s" state="M"/>
    <connection from="6ato5a" to="5ato4a" fromLane="0" toLane="0" via=":5a_0_0" dir="s" state="M"/>
    <connection from="6ato5a" to="5ato4a" fromLane="1" toLane="1" via=":5a_0_1" dir="s" state="M"/>
    <connection from="6ato5a" to="5ato4a" fromLane="2" toLane="2" via=":5a_0_2" dir="s" state="M"/>
    <connection from="6bto7b" to="7bto8b" fromLane="0" toLane="0" via=":7b_0_0" dir="s" state="M"/>
    <connection from="6bto7b" to="7bto8b" fromLane="1" toLane="1" via=":7b_0_1" dir="s" state="M"/>
    <connection from="6bto7b" to="7bto8b" fromLane="2" toLane="2" via=":7b_0_2" dir="s" state="M"/>
    <connection from="7ato6a" to="6ato5a" fromLane="0" toLane="0" via=":6a_0_0" dir="s" state="M"/>
    <connection from="7ato6a" to="6ato5a" fromLane="1" toLane="1" via=":6a_0_1" dir="s" state="M"/>
    <connection from="7ato6a" to="6ato5a" fromLane="2" toLane="2" via=":6a_0_2" dir="s" state="M"/>
    <connection from="7bto8b" to="8bto9b" fromLane="0" toLane="0" via=":8b_0_0" dir="s" state="M"/>
    <connection from="7bto8b" to="8bto9b" fromLane="1" toLane="1" via=":8b_0_1" dir="s" state="M"/>
    <connection from="7bto8b" to="8bto9b" fromLane="2" toLane="2" via=":8b_0_2" dir="s" state="M"/>
    <connection from="8ato7a" to="7ato6a" fromLane="0" toLane="0" via=":7a_0_0" dir="s" state="M"/>
    <connection from="8ato7a" to="7ato6a" fromLane="1" toLane="1" via=":7a_0_1" dir="s" state="M"/>
    <connection from="8ato7a" to="7ato6a" fromLane="2" toLane="2" via=":7a_0_2" dir="s" state="M"/>
    <connection from="8bto9b" to="9bto10b" fromLane="0" toLane="0" via=":9b_0_0" dir="s" state="M"/>
    <connection from="8bto9b" to="9bto10b" fromLane="1" toLane="1" via=":9b_0_1" dir="s" state="M"/>
    <connection from="8bto9b" to="9bto10b" fromLane="2" toLane="2" via=":9b_0_2" dir="s" state="M"/>
    <connection from="9ato8a" to="8ato7a" fromLane="0" toLane="0" via=":8a_0_0" dir="s" state="M"/>
    <connection from="9ato8a" to="8ato7a" fromLane="1" toLane="1" via=":8a_0_1" dir="s" state="M"/>
    <connection from="9ato8a" to="8ato7a" fromLane="2" toLane="2" via=":8a_0_2" dir="s" state="M"/>
    <connection from="9bto10b" to="10bto11b" fromLane="0" toLane="0" via=":10b_0_0" dir="s" state="M"/>
    <connection from="9bto10b" to="10bto11b" fromLane="1" toLane="1" via=":10b_0_1" dir="s" state="M"/>
    <connection from="9bto10b" to="10bto11b" fromLane="2" toLane="2" via=":10b_0_2" dir="s" state="M"/>

    <connection from=":10a_0" to="10ato9a" fromLane="0" toLane="0" dir="s" state="M"/>
    <connection from=":10a_0" to="10ato9a" fromLane="1" toLane="1" dir="s" state="M"/>
    <connection from=":10a_0" to="10ato9a" fromLane="2" toLane="2" dir="s" state="M"/>
    <connection from=":10b_0" to="10bto11b" fromLane="0" toLane="0" dir="s" state="M"/>
    <connection from=":10b_0" to="10bto11b" fromLane="1" toLane="1" dir="s" state="M"/>
    <connection from=":10b_0" to="10bto11b" fromLane="2" toLane="2" dir="s" state="M"/>
    <connection from=":11a_0" to="11ato10a" fromLane="0" toLane="0" dir="s" state="M"/>
    <connection from=":11a_0" to="11ato10a" fromLane="1" toLane="1" dir="s" state="M"/>
    <connection from=":11a_0" to="11ato10a" fromLane="2" toLane="2" dir="s" state="M"/>
    <connection from=":11b_0" to="11bto12b" fromLane="0" toLane="0" dir="s" state="M"/>
    <connection from=":11b_0" to="11bto12b" fromLane="1" toLane="1" dir="s" state="M"/>
    <connection from=":11b_0" to="11bto12b" fromLane="2" toLane="2" dir="s" state="M"/>
    <connection from=":12a_0" to="12ato11a" fromLane="0" toLane="0" dir="s" state="M"/>
    <connection from=":12a_0" to="12ato11a" fromLane="1" toLane="1" dir="s" state="M"/>
    <connection from=":12a_0" to="12ato11a" fromLane="2" toLane="2" dir="s" state="M"/>
    <connection from=":12b_0" to="12bto13b" fromLane="0" toLane="0" dir="s" state="M"/>
    <connection from=":12b_0" to="12bto13b" fromLane="1" toLane="1" dir="s" state="M"/>
    <connection from=":12b_0" to="12bto13b" fromLane="2" toLane="2" dir="s" state="M"/>
    <connection from=":13a_0" to="13ato12a" fromLane="0" toLane="0" dir="s" state="M"/>
    <connection from=":13a_0" to="13ato12a" fromLane="1" toLane="1" dir="s" state="M"/>
    <connection from=":13a_0" to="13ato12a" fromLane="2" toLane="2" dir="s" state="M"/>
    <connection from=":13b_0" to="13bto14b" fromLane="0" toLane="0" dir="s" state="M"/>
    <connection from=":13b_0" to="13bto14b" fromLane="1" toLane="1" dir="s" state="M"/>
    <connection from=":13b_0" to="13bto14b" fromLane="2" toLane="2" dir="s" state="M"/>
    <connection from=":14a_0" to="14ato13a" fromLane="0" toLane="0" dir="s" state="M"/>
    <connection from=":14a_0" to="14ato13a" fromLane="1" toLane="1" dir="s" state="M"/>
    <connection from=":14a_0" to="14ato13a" fromLane="2" toLane="2" dir="s" state="M"/>
    <connection from=":14b_0" to="14bto15b" fromLane="0" toLane="0" dir="s" state="M"/>
    <connection from=":14b_0" to="14bto15b" fromLane="1" toLane="1" dir="s" state="M"/>
    <connection from=":14b_0" to="14bto15b" fromLane="2" toLane="2" dir="s" state="M"/>
    <connection from=":15a_0" to="15ato14a" fromLane="0" toLane="0" dir="s" state="M"/>
    <connection from=":15a_0" to="15ato14a" fromLane="1" toLane="1" dir="s" state="M"/>
    <connection from=":15a_0" to="15ato14a" fromLane="2" toLane="2" dir="s" state="M"/>
    <connection from=":15b_0" to="15bto16b" fromLane="0" toLane="0" dir="s" state="M"/>
    <connection from=":15b_0" to="15bto16b" fromLane="1" toLane="1" dir="s" state="M"/>
    <connection from=":15b_0" to="15bto16b" fromLane="2" toLane="2" dir="s" state="M"/>
    <connection from=":16a_0" to="16ato15a" fromLane="0" toLane="0" dir="s" state="M"/>
    <connection from=":16a_0" to="16ato15a" fromLane="1" toLane="1" dir="s" state="M"/>
    <connection from=":16a_0" to="16ato15a" fromLane="2" toLane="2" dir="s" state="M"/>
    <connection from=":16b_0" to="16bto17b" fromLane="0" toLane="0" dir="s" state="M"/>
    <connection from=":16b_0" to="16bto17b" fromLane="1" toLane="1" dir="s" state="M"/>
    <connection from=":16b_0" to="16bto17b" fromLane="2" toLane="2" dir="s" state="M"/>
    <connection from=":17a_0" to="17ato16a" fromLane="0" toLane="0" dir="s" state="M"/>
    <connection from=":17a_0" to="17ato16a" fromLane="1" toLane="1" dir="s" state="M"/>
    <connection from=":17a_0" to="17ato16a" fromLane="2" toLane="2" dir="s" state="M"/>
    <connection from=":17b_0" to="17bto18b" fromLane="0" toLane="0" dir="s" state="M"/>
    <connection from=":17b_0" to="17bto18b" fromLane="1" toLane="1" dir="s" state="M"/>
    <connection from=":17b_0" to="17bto18b" fromLane="2" toLane="2" dir="s" state="M"/>
    <connection from=":18a_0" to="18ato17a" fromLane="0" toLane="0" dir="s" state="M"/>
    <connection from=":18a_0" to="18ato17a" fromLane="1" toLane="1" dir="s" state="M"/>
    <connection from=":18a_0" to="18ato17a" fromLane="2" toLane="2" dir="s" state="M"/>
    <connection from=":18b_0" to="18bto19b" fromLane="0" toLane="0" dir="s" state="M"/>
    <connection from=":18b_0" to="18bto19b" fromLane="1" toLane="1" dir="s" state="M"/>
    <connection from=":18b_0" to="18bto19b" fromLane="2" toLane="2" dir="s" state="M"/>
    <connection from=":19a_0" to="19ato18a" fromLane="0" toLane="0" dir="s" state="M"/>
    <connection from=":19a_0" to="19ato18a" fromLane="1" toLane="1" dir="s" state="M"/>
    <connection from=":19a_0" to="19ato18a" fromLane="2" toLane="2" dir="s" state="M"/>
    <connection from=":19b_0" to="19bto20b" fromLane="0" toLane="0" dir="s" state="M"/>
    <connection from=":19b_0" to="19bto20b" fromLane="1" toLane="1" dir="s" state="M"/>
    <connection from=":19b_0" to="19bto20b" fromLane="2" toLane="2" dir="s" state="M"/>
    <connection from=":20a_0" to="20ato19a" fromLane="0" toLane="0" dir="s" state="M"/>
    <connection from=":20a_0" to="20ato19a" fromLane="1" toLane="1" dir="s" state="M"/>
    <connection from=":20a_0" to="20ato19a" fromLane="2" toLane="2" dir="s" state="M"/>
    <connection from=":20b_0" to="20bto21b" fromLane="0" toLane="0" dir="s" state="M"/>
    <connection from=":20b_0" to="20bto21b" fromLane="1" toLane="1" dir="s" state="M"/>
    <connection from=":20b_0" to="20bto21b" fromLane="2" toLane="2" dir="s" state="M"/>
    <connection from=":2a_0" to="2ato1a" fromLane="0" toLane="0" dir="s" state="M"/>
    <connection from=":2a_0" to="2ato1a" fromLane="1" toLane="1" dir="s" state="M"/>
    <connection from=":2a_0" to="2ato1a" fromLane="2" toLane="2" dir="s" state="M"/>
    <connection from=":2b_0" to="2bto3b" fromLane="0" toLane="0" dir="s" state="M"/>
    <connection from=":2b_0" to="2bto3b" fromLane="1" toLane="1" dir="s" state="M"/>
    <connection from=":2b_0" to="2bto3b" fromLane="2" toLane="2" dir="s" state="M"/>
    <connection from=":3a_0" to="3ato2a" fromLane="0" toLane="0" dir="s" state="M"/>
    <connection from=":3a_0" to="3ato2a" fromLane="1" toLane="1" dir="s" state="M"/>
    <connection from=":3a_0" to="3ato2a" fromLane="2" toLane="2" dir="s" state="M"/>
    <connection from=":3b_0" to="3bto4b" fromLane="0" toLane="0" dir="s" state="M"/>
    <connection from=":3b_0" to="3bto4b" fromLane="1" toLane="1" dir="s" state="M"/>
    <connection from=":3b_0" to="3bto4b" fromLane="2" toLane="2" dir="s" state="M"/>
    <connection from=":4a_0" to="4ato3a" fromLane="0" toLane="0" dir="s" state="M"/>
    <connection from=":4a_0" to="4ato3a" fromLane="1" toLane="1" dir="s" state="M"/>
    <connection from=":4a_0" to="4ato3a" fromLane="2" toLane="2" dir="s" state="M"/>
    <connection from=":4b_0" to="4bto5b" fromLane="0" toLane="0" dir="s" state="M"/>
    <connection from=":4b_0" to="4bto5b" fromLane="1" toLane="1" dir="s" state="M"/>
    <connection from=":4b_0" to="4bto5b" fromLane="2" toLane="2" dir="s" state="M"/>
    <connection from=":5a_0" to="5ato4a" fromLane="0" toLane="0" dir="s" state="M"/>
    <connection from=":5a_0" to="5ato4a" fromLane="1" toLane="1" dir="s" state="M"/>
    <connection from=":5a_0" to="5ato4a" fromLane="2" toLane="2" dir="s" state="M"/>
    <connection from=":5b_0" to="5bto6b" fromLane="0" toLane="0" dir="s" state="M"/>
    <connection from=":5b_0" to="5bto6b" fromLane="1" toLane="1" dir="s" state="M"/>
    <connection from=":5b_0" to="5bto6b" fromLane="2" toLane="2" dir="s" state="M"/>
    <connection from=":6a_0" to="6ato5a" fromLane="0" toLane="0" dir="s" state="M"/>
    <connection from=":6a_0" to="6ato5a" fromLane="1" toLane="1" dir="s" state="M"/>
    <connection from=":6a_0" to="6ato5a" fromLane="2" toLane="2" dir="s" state="M"/>
    <connection from=":6b_0" to="6bto7b" fromLane="0" toLane="0" dir="s" state="M"/>
    <connection from=":6b_0" to="6bto7b" fromLane="1" toLane="1" dir="s" state="M"/>
    <connection from=":6b_0" to="6bto7b" fromLane="2" toLane="2" dir="s" state="M"/>
    <connection from=":7a_0" to="7ato6a" fromLane="0" toLane="0" dir="s" state="M"/>
    <connection from=":7a_0" to="7ato6a" fromLane="1" toLane="1" dir="s" state="M"/>
    <connection from=":7a_0" to="7ato6a" fromLane="2" toLane="2" dir="s" state="M"/>
    <connection from=":7b_0" to="7bto8b" fromLane="0" toLane="0" dir="s" state="M"/>
    <connection from=":7b_0" to="7bto8b" fromLane="1" toLane="1" dir="s" state="M"/>
    <connection from=":7b_0" to="7bto8b" fromLane="2" toLane="2" dir="s" state="M"/>
    <connection from=":8a_0" to="8ato7a" fromLane="0" toLane="0" dir="s" state="M"/>
    <connection from=":8a_0" to="8ato7a" fromLane="1" toLane="1" dir="s" state="M"/>
    <connection from=":8a_0" to="8ato7a" fromLane="2" toLane="2" dir="s" state="M"/>
    <connection from=":8b_0" to="8bto9b" fromLane="0" toLane="0" dir="s" state="M"/>
    <connection from=":8b_0" to="8bto9b" fromLane="1" toLane="1" dir="s" state="M"/>
    <connection from=":8b_0" to="8bto9b" fromLane="2" toLane="2" dir="s" state="M"/>
    <connection from=":9a_0" to="9ato8a" fromLane="0" toLane="0" dir="s" state="M"/>
    <connection from=":9a_0" to="9ato8a" fromLane="1" toLane="1" dir="s" state="M"/>
    <connection from=":9a_0" to="9ato8a" fromLane="2" toLane="2" dir="s" state="M"/>
    <connection from=":9b_0" to="9bto10b" fromLane="0" toLane="0" dir="s" state="M"/>
    <connection from=":9b_0" to="9bto10b" fromLane="1" toLane="1" dir="s" state="M"/>
    <connection from=":9b_0" to="9bto10b" fromLane="2" toLane="2" dir="s" state="M"/>

</net>
